{
  "hash": "f233fe0f",
  "configHash": "88aa38a2",
  "lockfileHash": "d85f71d6",
  "browserHash": "a8d27ffe",
  "optimized": {
    "@angular/core": {
      "src": "../../../../../../node_modules/@angular/core/fesm2022/core.mjs",
      "file": "@angular_core.js",
      "fileHash": "518fe225",
      "needsInterop": false
    },
    "@angular/platform-browser": {
      "src": "../../../../../../node_modules/@angular/platform-browser/fesm2022/platform-browser.mjs",
      "file": "@angular_platform-browser.js",
      "fileHash": "2cceb4de",
      "needsInterop": false
    },
    "@angular/router": {
      "src": "../../../../../../node_modules/@angular/router/fesm2022/router.mjs",
      "file": "@angular_router.js",
      "fileHash": "53db0aa0",
      "needsInterop": false
    }
  },
  "chunks": {
    "chunk-3NMEV6SG": {
      "file": "chunk-3NMEV6SG.js"
    },
    "chunk-PWALWDUF": {
      "file": "chunk-PWALWDUF.js"
    }
  }
}