{
  "hash": "b88b99d6",
  "configHash": "0ec76a09",
  "lockfileHash": "27caa63f",
  "browserHash": "682338e5",
  "optimized": {
    "@angular/core": {
      "src": "../../../../../../node_modules/@angular/core/fesm2022/core.mjs",
      "file": "@angular_core.js",
      "fileHash": "bfdbc78d",
      "needsInterop": false
    },
    "@angular/platform-browser": {
      "src": "../../../../../../node_modules/@angular/platform-browser/fesm2022/platform-browser.mjs",
      "file": "@angular_platform-browser.js",
      "fileHash": "0cb231bc",
      "needsInterop": false
    },
    "@angular/router": {
      "src": "../../../../../../node_modules/@angular/router/fesm2022/router.mjs",
      "file": "@angular_router.js",
      "fileHash": "2dbefe97",
      "needsInterop": false
    },
    "@angular/forms": {
      "src": "../../../../../../node_modules/@angular/forms/fesm2022/forms.mjs",
      "file": "@angular_forms.js",
      "fileHash": "aa62bb56",
      "needsInterop": false
    }
  },
  "chunks": {
    "chunk-JRI7OE7H": {
      "file": "chunk-JRI7OE7H.js"
    },
    "chunk-FAHFZITR": {
      "file": "chunk-FAHFZITR.js"
    },
    "chunk-F5BRNNIR": {
      "file": "chunk-F5BRNNIR.js"
    }
  }
}