{
  "hash": "7eed40fd",
  "configHash": "764f61c7",
  "lockfileHash": "45bb3b61",
  "browserHash": "4cd398d5",
  "optimized": {
    "@angular/core": {
      "src": "../../../../../../node_modules/@angular/core/fesm2022/core.mjs",
      "file": "@angular_core.js",
      "fileHash": "bf548cd9",
      "needsInterop": false
    },
    "@angular/platform-browser": {
      "src": "../../../../../../node_modules/@angular/platform-browser/fesm2022/platform-browser.mjs",
      "file": "@angular_platform-browser.js",
      "fileHash": "0132f806",
      "needsInterop": false
    },
    "@angular/router": {
      "src": "../../../../../../node_modules/@angular/router/fesm2022/router.mjs",
      "file": "@angular_router.js",
      "fileHash": "10b3d44c",
      "needsInterop": false
    },
    "@angular/common": {
      "src": "../../../../../../node_modules/@angular/common/fesm2022/common.mjs",
      "file": "@angular_common.js",
      "fileHash": "993e731e",
      "needsInterop": false
    }
  },
  "chunks": {
    "chunk-IOFYIAJF": {
      "file": "chunk-IOFYIAJF.js"
    },
    "chunk-TQR3GDWE": {
      "file": "chunk-TQR3GDWE.js"
    },
    "chunk-HCNZ5MW6": {
      "file": "chunk-HCNZ5MW6.js"
    }
  }
}