{
  "hash": "a48c7afc",
  "configHash": "5f97ebfc",
  "lockfileHash": "50b53b20",
  "browserHash": "47e50bf5",
  "optimized": {
    "@angular/common": {
      "src": "../../../../../../node_modules/@angular/common/fesm2022/common.mjs",
      "file": "@angular_common.js",
      "fileHash": "cde95f95",
      "needsInterop": false
    },
    "@angular/core": {
      "src": "../../../../../../node_modules/@angular/core/fesm2022/core.mjs",
      "file": "@angular_core.js",
      "fileHash": "fff46f52",
      "needsInterop": false
    },
    "@angular/platform-browser": {
      "src": "../../../../../../node_modules/@angular/platform-browser/fesm2022/platform-browser.mjs",
      "file": "@angular_platform-browser.js",
      "fileHash": "8f65f8b0",
      "needsInterop": false
    },
    "@angular/router": {
      "src": "../../../../../../node_modules/@angular/router/fesm2022/router.mjs",
      "file": "@angular_router.js",
      "fileHash": "4bdcd46e",
      "needsInterop": false
    }
  },
  "chunks": {
    "chunk-IOFYIAJF": {
      "file": "chunk-IOFYIAJF.js"
    },
    "chunk-TQR3GDWE": {
      "file": "chunk-TQR3GDWE.js"
    },
    "chunk-HCNZ5MW6": {
      "file": "chunk-HCNZ5MW6.js"
    }
  }
}